cell_line,agent,concentration,parameter,rate,obj_func
BT20,Torin2,0.1,$k_{S}$,1e-07,575.1637979924228
BT20,Torin2,0.1,$k_{G2}$,0.02650278175215397,575.1637979924228
BT20,Torin2,0.1,$k_{M}$,0.027051816333648306,575.1637979924228
BT20,Torin2,0.1,$k_{G1}$,0.3309579945180053,575.1637979924228
BT20,Torin2,0.1,$k_{\phi}$,0.000902863624862161,575.1637979924228
