cell_line,agent,concentration,parameter,rate,obj_func
CAL120,Torin2,0.1,$k_{S}$,0.006091501334738128,54.465608489220564
CAL120,Torin2,0.1,$k_{G2}$,0.05115362569197881,54.465608489220564
CAL120,Torin2,0.1,$k_{M}$,0.04964816995335045,54.465608489220564
CAL120,Torin2,0.1,$k_{G1}$,0.5031408411098484,54.465608489220564
CAL120,Torin2,0.1,$k_{\phi}$,1e-07,54.465608489220564
