cell_line,agent,concentration,parameter,rate,obj_func
CAL851,Torin2,0.1,$k_{S}$,0.013834588079071109,3.187743534829555e-10
CAL851,Torin2,0.1,$k_{G2}$,0.012953127286658985,3.187743534829555e-10
CAL851,Torin2,0.1,$k_{M}$,0.024698957070015782,3.187743534829555e-10
CAL851,Torin2,0.1,$k_{G1}$,0.16933154665616068,3.187743534829555e-10
CAL851,Torin2,0.1,$k_{\phi}$,0.0001719752376079529,3.187743534829555e-10
