cell_line,agent,concentration,parameter,rate,obj_func
HCC1500,Torin2,0.1,$k_{S}$,0.002186003547371881,5546.2120756431905
HCC1500,Torin2,0.1,$k_{G2}$,1e-07,5546.2120756431905
HCC1500,Torin2,0.1,$k_{M}$,0.0023513011012012033,5546.2120756431905
HCC1500,Torin2,0.1,$k_{G1}$,1e-07,5546.2120756431905
HCC1500,Torin2,0.1,$k_{\phi}$,0.005430742310568888,5546.2120756431905
