cell_line,agent,concentration,parameter,rate,obj_func
HCC1395,Torin2,0.1,$k_{S}$,0.002701248153720293,7.418616472876001e-11
HCC1395,Torin2,0.1,$k_{G2}$,0.0361782730464895,7.418616472876001e-11
HCC1395,Torin2,0.1,$k_{M}$,0.028209413361993067,7.418616472876001e-11
HCC1395,Torin2,0.1,$k_{G1}$,0.16635247629454844,7.418616472876001e-11
HCC1395,Torin2,0.1,$k_{\phi}$,0.0017449277337293165,7.418616472876001e-11
