cell_line,agent,concentration,parameter,rate,obj_func
HCC1143,Torin2,0.1,$k_{S}$,0.036028015938310856,2.6837564004294507e-10
HCC1143,Torin2,0.1,$k_{G2}$,0.025260876425953437,2.6837564004294507e-10
HCC1143,Torin2,0.1,$k_{M}$,0.10949567541937283,2.6837564004294507e-10
HCC1143,Torin2,0.1,$k_{G1}$,0.21025959443927553,2.6837564004294507e-10
HCC1143,Torin2,0.1,$k_{\phi}$,0.00039401784887400395,2.6837564004294507e-10
