cell_line,agent,concentration,parameter,rate,obj_func
HCC1419,Torin2,0.1,$k_{S}$,0.014345174134714797,6.428714618391018e-11
HCC1419,Torin2,0.1,$k_{G2}$,0.8249208337148224,6.428714618391018e-11
HCC1419,Torin2,0.1,$k_{M}$,0.028381432402714037,6.428714618391018e-11
HCC1419,Torin2,0.1,$k_{G1}$,0.020820468113853848,6.428714618391018e-11
HCC1419,Torin2,0.1,$k_{\phi}$,0.0002886672855452327,6.428714618391018e-11
