cell_line,agent,concentration,parameter,rate,obj_func
HCC1954,Torin2,0.1,$k_{S}$,0.009590931309568703,8.430182444921987e-11
HCC1954,Torin2,0.1,$k_{G2}$,0.05073384570150457,8.430182444921987e-11
HCC1954,Torin2,0.1,$k_{M}$,0.02452270709380094,8.430182444921987e-11
HCC1954,Torin2,0.1,$k_{G1}$,0.20725836188604874,8.430182444921987e-11
HCC1954,Torin2,0.1,$k_{\phi}$,0.002001924696236635,8.430182444921987e-11
