cell_line,agent,concentration,parameter,rate,obj_func
HCC1806,Torin2,0.1,$k_{S}$,0.07981927040133126,1.0312489733587653e-09
HCC1806,Torin2,0.1,$k_{G2}$,0.03054615561161263,1.0312489733587653e-09
HCC1806,Torin2,0.1,$k_{M}$,0.14374274055765796,1.0312489733587653e-09
HCC1806,Torin2,0.1,$k_{G1}$,0.4681544275861467,1.0312489733587653e-09
HCC1806,Torin2,0.1,$k_{\phi}$,0.00029364967592970066,1.0312489733587653e-09
