cell_line,agent,concentration,parameter,rate,obj_func
HCC1937,Torin2,0.1,$k_{S}$,0.012837508270443686,1.1449854232452254e-10
HCC1937,Torin2,0.1,$k_{G2}$,0.06542707926248724,1.1449854232452254e-10
HCC1937,Torin2,0.1,$k_{M}$,0.04342695920751738,1.1449854232452254e-10
HCC1937,Torin2,0.1,$k_{G1}$,0.4170701124268591,1.1449854232452254e-10
HCC1937,Torin2,0.1,$k_{\phi}$,0.0006053370986267395,1.1449854232452254e-10
