cell_line,agent,concentration,parameter,rate,obj_func
HCC70,Torin2,0.1,$k_{S}$,0.004769532994960454,9.789287681763845e-10
HCC70,Torin2,0.1,$k_{G2}$,0.0036477363155236293,9.789287681763845e-10
HCC70,Torin2,0.1,$k_{M}$,0.024635004214117552,9.789287681763845e-10
HCC70,Torin2,0.1,$k_{G1}$,0.09449553363773436,9.789287681763845e-10
HCC70,Torin2,0.1,$k_{\phi}$,0.0006423918543317822,9.789287681763845e-10
