cell_line,agent,concentration,parameter,rate,obj_func
MDAMB453,Torin2,0.1,$k_{S}$,0.0025621930610184884,0.0011457963413852102
MDAMB453,Torin2,0.1,$k_{G2}$,100.0,0.0011457963413852102
MDAMB453,Torin2,0.1,$k_{M}$,0.03222103059820817,0.0011457963413852102
MDAMB453,Torin2,0.1,$k_{G1}$,0.08768671313601731,0.0011457963413852102
MDAMB453,Torin2,0.1,$k_{\phi}$,0.0006671308931682158,0.0011457963413852102
