cell_line,agent,concentration,parameter,rate,obj_func
MDAMB361,Torin2,0.1,$k_{S}$,0.00029548478724369714,18226.862344713467
MDAMB361,Torin2,0.1,$k_{G2}$,0.010004752520112774,18226.862344713467
MDAMB361,Torin2,0.1,$k_{M}$,0.006907180250209924,18226.862344713467
MDAMB361,Torin2,0.1,$k_{G1}$,1e-07,18226.862344713467
MDAMB361,Torin2,0.1,$k_{\phi}$,0.0038166536023756274,18226.862344713467
