cell_line,agent,concentration,parameter,rate,obj_func
MDAMB231,Torin2,0.1,$k_{S}$,0.015767175006005742,2.3881607907460577e-10
MDAMB231,Torin2,0.1,$k_{G2}$,0.05471350584015468,2.3881607907460577e-10
MDAMB231,Torin2,0.1,$k_{M}$,0.06051987701726178,2.3881607907460577e-10
MDAMB231,Torin2,0.1,$k_{G1}$,0.3750565388411478,2.3881607907460577e-10
MDAMB231,Torin2,0.1,$k_{\phi}$,0.0001811864502130479,2.3881607907460577e-10
