cell_line,agent,concentration,parameter,rate,obj_func
MDAMB134,Torin2,0.1,$k_{S}$,0.0028701606851098166,3137.0435004000615
MDAMB134,Torin2,0.1,$k_{G2}$,0.012138364587597867,3137.0435004000615
MDAMB134,Torin2,0.1,$k_{M}$,0.0006954277981156799,3137.0435004000615
MDAMB134,Torin2,0.1,$k_{G1}$,1e-07,3137.0435004000615
MDAMB134,Torin2,0.1,$k_{\phi}$,0.0035333995767952544,3137.0435004000615
