cell_line,agent,concentration,parameter,rate,obj_func
MDAMB157,Torin2,0.1,$k_{S}$,0.024299472945518503,3.1557149087168913e-10
MDAMB157,Torin2,0.1,$k_{G2}$,0.14568014723919873,3.1557149087168913e-10
MDAMB157,Torin2,0.1,$k_{M}$,0.016077205907244818,3.1557149087168913e-10
MDAMB157,Torin2,0.1,$k_{G1}$,0.7487695459407357,3.1557149087168913e-10
MDAMB157,Torin2,0.1,$k_{\phi}$,0.0024008037372706455,3.1557149087168913e-10
