cell_line,agent,concentration,parameter,rate,obj_func
MDAMB436,Torin2,0.1,$k_{S}$,0.015674345818182892,3.217124165180127e-10
MDAMB436,Torin2,0.1,$k_{G2}$,0.047542740168151666,3.217124165180127e-10
MDAMB436,Torin2,0.1,$k_{M}$,0.03233922699370625,3.217124165180127e-10
MDAMB436,Torin2,0.1,$k_{G1}$,0.4269779067877152,3.217124165180127e-10
MDAMB436,Torin2,0.1,$k_{\phi}$,0.0004788915511225434,3.217124165180127e-10
